country,x1,x2,x3,x4,x5,x6,x7,x8,x23,x25,x24,x27,x28,x30,x33,x37,x38,x48,x49,unesco_props,safety_index,quality_of_life,total_population,code,GDP,pop_0_14_%,pop_0_14_%_female,pop_0_14_%_male,pop_15_64_%,pop_15_64_%_female,pop_15_64_%_male,pop_65_plus_%,pop_65_plus_%_female,pop_65_plus_%_male
Afghanistan,1.69,6.87,2.9775,2.26,,0.5975,0.3275,0.14,0.226,0.67,4.22,1.37,0.23,0.985,0.794,0.04,320.15,82.3175,46.13999999999999,2.0,23.0,38.1,40099462.0,AFG,21.71,43.4245427,42.83646971,44.00070334,54.17139886,54.39551553,53.95182203,2.404058438,2.768014758,2.047474637
Albania,4.46,25.532,4.223333333333334,1.3786666666666667,1.842666666666667,1.1986666666666668,1.1486666666666667,0.604,0.534,0.818,5.120666666666667,2.8713333333333333,0.4718181818181818,2.5206666666666666,1.7519999999999998,0.1854545454545454,16.179285714285715,204.2136363636364,125.98545454545454,4.0,53.9,68.2,2811666.0,ALB,13.4,16.28172389,15.94570098,16.61840661,67.48403516,67.36630843,67.60199305,16.23424096,16.68799059,15.77960034
Algeria,1.9565625,13.98375,2.83,1.4196153846153845,1.627777777777778,0.5073333333333333,0.4890909090909091,0.1987878787878788,0.2702941176470588,1.3947999999999998,7.0376,2.10875,0.2114285714285714,0.8109677419354839,0.3,0.065,37.44870967741936,145.2810344827586,96.47962962962964,7.0,46.2,60.6,44177969.0,DZA,227.8,30.71207654,30.61776833,30.80296191,63.10592349,62.82585713,63.37582506,6.181999971,6.556374534,5.821213034
American Samoa,23.82,6.66,22.13,1.91,1.91,1.0,1.19,2.11,,,,,,,,,81.14,89.46,,,,,45035.0,ASM,0.75,27.51193516,26.43102084,28.61501189,65.64338848,65.91048976,65.37081071,6.844676363,7.658489405,6.014177397
Andorra,13.173333333333332,40.92,7.010000000000001,2.0733333333333337,2.6,1.38,1.7133333333333332,1.37,0.7600000000000001,1.05,5.763333333333333,5.883333333333333,1.95,2.45,1.7566666666666666,0.37,36.99666666666666,823.4900000000001,664.7366666666667,1.0,,79.0,79034.0,AND,4.8,13.07475264,13.06320866,13.0858141,72.389731,71.57097237,73.17426692,14.53551636,15.36581897,13.73991898
Angola,18.92,64.25,8.254999999999999,2.2,1.75,3.93,1.95,1.42,0.48,0.78,10.02,2.0,0.59,1.67,0.33,0.1,192.23,220.39,80.85,1.0,33.6,36.4,34503774.0,AGO,131.4,45.17910483,44.43520497,45.9404899,52.22642532,52.64816508,51.79477267,2.594469848,2.916629959,2.264737436
Anguilla,8.0,170.0,10.0,4.0,4.0,5.0,3.0,3.0,1.11,1.85,19.53,,,25.0,1.72,0.15,77.5,800.0,800.0,,,,,AIA,0.18,,,,,,,,,
Antigua And Barbuda,5.55,92.51,8.33,3.89,3.52,4.44,2.22,1.11,1.36,1.96,11.1,4.44,1.02,5.55,1.14,0.3,69.93,,,1.0,,64.0,93219.0,ATG,1.24,18.82116939,17.74536272,19.99842736,70.98622069,70.8449244,71.14084159,10.19260992,11.40971288,8.860731055
Argentina,6.483333333333333,27.82428571428571,5.279999999999999,1.521904761904762,2.123809523809524,1.5961904761904764,1.1257142857142857,0.9047619047619048,0.8963157894736843,1.0994736842105264,2.8185,2.061111111111112,0.38,1.1823529411764706,0.901578947368421,0.16875,21.597,212.0961111111111,181.1061111111111,11.0,35.9,74.9,45808747.0,ARG,536.2,23.35673716,22.50032614,24.23023048,64.82135545,63.67640319,65.98914536,11.82190739,13.82327067,9.780624156
Armenia,5.683333333333334,32.00333333333333,5.793333333333334,1.2440000000000002,1.812,1.802,0.8316666666666667,0.4183333333333333,0.63,1.074,6.824000000000001,1.7719999999999998,0.25,1.2033333333333334,1.211666666666667,0.0533333333333333,17.238,586.7266666666667,412.0933333333333,3.0,77.9,65.7,2790974.0,ARM,10.88,20.42255149,17.64427573,23.81546814,66.83203907,67.1013213,66.50318325,12.74540944,15.25440297,9.681348605
Aruba,12.0,68.33,8.5,3.75,2.36,2.47,1.69,1.56,2.87,2.76,9.78,8.47,2.5,12.49,1.25,0.24,68.0,770.54,630.32,,,,106537.0,ABW,2.52,16.79940678,15.5593428,18.19069054,67.65709405,67.55518867,67.7714263,15.54349918,16.88546854,14.03788316
Australia,15.418909090909091,62.47163636363637,8.845454545454546,5.574814814814816,5.602264150943396,3.2181818181818183,2.4265454545454546,1.9441818181818185,1.636530612244898,3.9796078431372552,10.757115384615386,23.31490566037736,2.8394594594594595,2.946122448979592,1.3472,0.3066666666666667,51.72666666666666,1229.0166666666669,930.7326470588235,20.0,56.2,78.9,25688079.0,AUS,1483.0,18.37332915,17.75301502,19.00259008,65.05751552,64.78620166,65.33274255,16.56915533,17.46078331,15.66466737
Austria,15.015714285714283,58.18142857142857,8.631428571428572,4.002307692307692,3.9984615384615374,3.3578571428571427,2.9446153846153846,2.3841666666666668,0.7430769230769231,1.1907692307692308,6.07923076923077,5.998461538461539,2.414,5.25,1.9045454545454543,0.0963636363636363,34.14769230769231,720.3246153846153,604.7708333333334,12.0,73.9,81.2,8955797.0,AUT,436.1,14.38549321,13.75969811,15.03122046,66.17334945,64.65665255,67.73835457,19.44115734,21.58364933,17.23042497
Azerbaijan,5.159090909090909,18.972,6.471111111111111,0.948181818181818,1.65,1.962,0.4409090909090908,0.22,0.4627272727272727,0.9645454545454544,3.4063636363636363,2.833636363636364,0.18,0.842,0.5827272727272728,0.039,14.17818181818182,149.425,101.14375,3.0,67.7,56.9,10137750.0,AZE,77.91,23.92495311,22.017505,25.88282545,69.35846067,70.08516273,68.61254791,6.716586224,7.897332268,5.504626635
Bahamas,25.0,100.0,8.0,3.75,6.5,5.31,2.36,1.94,2.16,3.42,15.0,11.0,1.25,5.5,1.65,0.42,92.61,1050.0,950.0,0.0,37.5,63.6,407906.0,BHM,8.65,,,,,,,,,
Bahrain,5.4366666666666665,43.32333333333333,5.79,8.84,9.723333333333333,4.06,0.7566666666666667,0.3933333333333333,0.5533333333333333,1.97,27.41,5.703333333333333,0.7533333333333334,4.64,0.4599999999999999,0.1,56.336666666666666,963.3533333333334,551.6466666666666,3.0,75.6,53.3,1463265.0,BHR,34.05,20.37719744,26.35237714,16.7301033,76.1340987,69.39666364,80.24645367,3.488703861,4.250959222,3.023443033
Bangladesh,2.0391666666666666,7.4775,5.099090909090909,3.799,6.420000000000001,1.739090909090909,0.2658333333333333,0.1408333333333333,0.2458333333333333,2.341,4.876,2.799166666666667,0.3999999999999999,0.71625,0.9045454545454544,0.0118181818181818,30.62454545454545,79.38727272727273,50.55083333333334,3.0,36.6,56.1,169356251.0,BGD,186.6,26.45298372,25.73653164,27.18103639,67.71990424,68.21327017,67.21854986,5.827112044,6.050198187,5.600413752
Barbados,20.0,97.83,8.5,3.0,4.75,4.01,1.52,1.25,1.92,2.13,15.0,7.96,1.75,10.0,2.1,0.37,50.0,487.5,412.5,1.0,53.4,63.8,281200.0,BRB,4.28,17.16219268,16.18852739,18.21913694,67.1222744,66.63842696,67.647506,15.71553292,17.17304565,14.13335707
Belarus,7.929090909090909,33.71636363636364,4.409166666666667,1.1283333333333332,2.1441666666666666,1.5291666666666668,0.7166666666666667,0.4833333333333333,0.6491666666666667,1.0608333333333333,5.7875000000000005,1.715,0.3866666666666666,1.0216666666666667,0.8808333333333334,0.0472727272727272,13.246363636363638,226.28333333333333,155.9,4.0,41.6,59.9,9340314.0,BLR,75.25,16.84033506,15.27401905,18.6720761,66.33049589,64.04835563,68.99936342,16.82916905,20.67762532,12.32856048
Belgium,16.79105263157895,72.59736842105262,9.594736842105265,3.9694736842105263,3.748421052631579,2.973333333333333,2.458684210526316,2.285135135135135,0.7475,1.5051515151515151,6.38,7.723243243243243,2.620344827586207,4.98,1.9394444444444443,0.2254285714285714,49.065,777.1741379310345,634.979375,15.0,54.6,77.1,11592952.0,BEL,527.8,16.68811036,16.10657705,17.28401552,63.89481923,62.55253805,65.27027322,19.41707041,21.3408849,17.44571126
Belize,5.88,31.834000000000003,6.581999999999999,2.044,3.338,3.3240000000000003,1.064,0.746,1.3,1.714,15.872,4.3275,1.5550000000000002,3.184,1.7025,0.298,74.792,344.775,258.005,1.0,48.5,64.3,400031.0,BLZ,1.67,28.23568673,27.76627825,28.69942678,66.80844735,67.19198392,66.42954224,4.95586592,5.041737823,4.871030982
Benin,3.21,26.51,4.82,0.96,2.81,4.02,0.66,0.5,1.07,0.9,3.61,0.88,1.61,2.25,0.87,0.1,47.19,194.78,150.6,2.0,,56.8,12996895.0,BEN,9.24,42.57800421,42.07572962,43.07854066,54.34561101,54.50253145,54.18923359,3.076384783,3.421738924,2.732225747
Bermuda,29.0,150.0,15.0,9.0,10.0,5.61,3.0,2.43,3.47,5.1,23.5,17.62,4.0,6.5,2.25,0.4,142.0,3250.0,2050.0,,,,63867.0,BMU,5.2,14.89834073,14.06877869,15.78845377,65.42026953,63.91150576,67.03916027,19.68138973,22.01971555,17.17238595
Bhutan,3.08,18.45,3.08,9.92,2.46,1.32,0.47,0.16,0.34,0.8000000000000002,3.5866666666666664,5.536666666666666,1.875,0.98,1.11,0.04,19.816666666666663,141.24,92.14,0.0,,60.1,777486.0,BTN,2.09,22.80271104,23.49364985,22.18872709,71.06104093,69.93135931,72.06490174,6.136248025,6.574990842,5.74637117
Bolivia,2.748,14.026,6.146,2.112,2.648,2.018,0.8459999999999999,0.662,0.9883333333333332,1.64,5.036666666666667,2.333333333333333,0.3016666666666666,1.4233333333333331,0.67,0.225,53.66166666666667,314.7325,201.2,7.0,41.7,64.4,12079472.0,BOL,34.08,31.1219853,30.647741,31.59328466,63.96785803,63.78652782,64.14806223,4.910156669,5.565731179,4.258653106
Bosnia And Herzegovina,4.53,22.46307692307692,3.722307692307692,1.507692307692308,1.600769230769231,1.1730769230769231,1.3692307692307693,0.8676923076923078,0.5823076923076923,0.7784615384615384,5.140769230769231,3.23,1.2025,1.0515384615384618,1.426923076923077,0.1066666666666666,23.67083333333333,163.00666666666666,121.63899999999998,4.0,57.8,60.6,3270943.0,BIH,19.55,14.91930615,14.36009864,15.49608969,66.93747033,65.36283802,68.56159375,18.14322353,20.27706334,15.94231656
Botswana,9.033333333333331,32.915,4.323333333333333,1.3666666666666665,1.55,2.0166666666666666,1.01,0.47,0.7733333333333333,1.2266666666666666,5.95,3.536666666666666,0.48,0.4866666666666666,0.8300000000000001,0.11,33.156666666666666,205.625,158.285,2.0,47.6,55.7,2588423.0,BWA,16.3,32.91477089,32.08662168,33.7642782,63.49275215,63.68498834,63.29555816,3.592476964,4.228389975,2.940163649
Brazil,4.861,22.995753424657536,5.837241379310345,1.5169387755102042,2.5176923076923075,1.4405442176870749,0.9516666666666668,0.5565753424657535,0.6362837837837838,1.130728476821192,6.343266666666667,2.243308270676692,0.8849586776859504,1.1708181818181818,1.2470198675496689,0.2729,18.52677631578948,237.8104098360656,162.536171875,23.0,33.0,74.0,214326223.0,BRA,2244.0,20.54066758,19.78747627,21.32063865,69.87826753,69.44609416,70.32580686,9.581064889,10.76642957,8.353554497
British Virgin Islands,20.0,55.0,15.0,4.0,,5.0,2.0,1.43,,5.5,7.5,2.4,5.0,50.0,1.14,0.1,105.67,1833.33,1433.33,,,,31122.0,VGB,1.1,15.21271127,14.31889264,16.17642149,75.32131611,75.8988016,74.6986745,9.465972624,9.782305763,9.12490401
Brunei,2.96,29.47,5.03,3.885,2.495,3.49,0.74,0.62,0.92,3.81,1.85,8.13,1.11,3.33,0.37,0.2,80.9,708.3299999999999,481.9,0.0,71.0,57.8,,BRN,17.43,22.34643771,22.30018332,22.38957522,71.84292716,71.29377169,72.35507765,5.810635131,6.406044984,5.255347124
Bulgaria,7.736,26.746666666666663,5.699285714285714,1.3030000000000002,1.7516666666666665,1.3096666666666663,1.0,0.7010000000000001,0.523,0.732,4.78,3.0683333333333334,0.7818181818181817,0.8065517241379311,1.5151724137931033,0.1503571428571428,10.894333333333332,234.6,168.61142857142858,10.0,61.3,67.8,6877743.0,BGR,55.08,13.99472906,13.19334986,14.8458227,63.58415988,60.69826596,66.64908342,22.42111107,26.10838418,18.50509388
Burkina Faso,0.8,24.1,2.09,1.12,0.88,1.61,0.6,0.48,0.79,0.92,5.62,1.61,0.32,0.48,1.05,0.27,35.82,401.61,166.67,3.0,,54.3,22100683.0,BFA,13.38,44.0909599,43.24145675,44.94658036,53.36183381,53.73050516,52.99050764,2.547206289,3.028038088,2.062912
Burundi,1.94,21.15,3.28,0.58,2.47,2.19,0.44,0.68,0.81,1.14,19.45,2.43,0.24,0.97,1.17,0.11,23.02,282.62,95.83,0.0,,38.6,12551213.0,BDI,3.04,46.29346184,45.73079173,46.86404507,51.23035519,51.46671526,50.99067105,2.476182979,2.802493011,2.145283872
Cambodia,3.2700000000000005,23.8,5.975555555555555,0.925,2.361111111111111,2.26,0.9777777777777776,0.5269999999999999,0.7522222222222222,0.9655555555555556,10.1,1.4611111111111112,1.4166666666666667,0.90625,1.129,0.03,34.293,398.9414285714286,243.22,3.0,49.3,45.9,16589023.0,KHM,16.9,29.29933157,28.25439385,30.36525026,65.16847722,65.07386246,65.26499172,5.532191211,6.67174369,4.36975802
Cameroon,2.5242857142857145,20.65285714285714,2.467142857142857,1.0514285714285714,1.5057142857142858,1.0142857142857142,0.7014285714285714,0.3828571428571429,0.5966666666666667,1.015,4.819999999999999,1.6316666666666666,1.598,0.4000000000000001,0.9957142857142856,0.1283333333333333,40.90571428571428,104.52166666666666,70.10166666666667,2.0,33.4,44.7,27198628.0,CMR,32.16,42.43051341,42.02275473,42.84038134,54.86784848,55.03215342,54.70269362,2.701638112,2.945091849,2.456925038
Canada,15.502056074766356,62.648,8.724655172413794,4.753333333333333,5.679026548672566,3.2928070175438595,1.7512280701754386,1.481304347826087,1.7840350877192983,2.3924000000000003,12.273826086956522,11.795398230088496,2.287264150943396,3.1281250000000003,1.4637719298245615,0.2764356435643564,63.579572649572654,1097.986037735849,998.1293269230767,20.0,57.1,83.2,38246108.0,CAN,1794.0,15.73336814,15.28422549,16.18807768,65.74534821,64.88098779,66.62042196,18.52128365,19.83478671,17.19150036
Cape Verde,4.28,26.63,5.355,1.43,1.33,1.05,1.04,0.76,1.24,1.5,6.66,4.28,0.41,1.43,1.56,,61.66,190.2,104.18,1.0,,58.2,587925.0,CPV,1.98,26.61351363,26.09204599,27.14075346,67.94582642,66.80345963,69.10083822,5.440659948,7.104494376,3.758408316
Chad,3.21,32.13,12.85,1.29,1.61,1.74,0.88,0.64,1.07,1.61,13.65,1.93,,,0.83,0.2,74.97,1119.63,131.19,2.0,,35.8,17179740.0,TCD,15.84,47.65942034,47.16096847,48.15398103,50.32025514,50.62299196,50.01988165,2.020324522,2.216039578,1.826137324
Chile,6.605600000000001,37.54208333333333,5.4452,2.733333333333333,3.262916666666667,2.486,1.324,1.0552,1.0692,1.1252,4.564782608695652,4.7644,0.6410526315789473,0.5740909090909091,1.1668,0.0883333333333333,25.178,392.3088888888889,337.99388888888893,7.0,46.0,78.0,19493184.0,CHL,264.1,18.45695351,17.97451825,18.94652637,68.86190402,68.1200801,69.61470318,12.68114248,13.90540165,11.43877045
China,3.3451648351648355,20.85282608695652,5.009207920792079,1.1561627906976744,2.5177906976744184,3.3178,0.4663366336633663,0.2904081632653061,0.6367676767676768,0.7681999999999999,11.717023809523807,3.082043010752688,0.3206896551724138,1.3908235294117648,1.1880246913580246,0.0249438202247191,12.003814432989689,356.62122807017545,232.03741379310344,56.0,70.6,53.7,1412360000.0,CHN,10360.0,17.66807221,16.76199637,18.53655418,69.18217451,68.53930421,69.79837156,13.14975327,14.69869942,11.66507426
Colombia,2.487692307692308,14.8728,4.7252,0.9176,1.5429166666666667,1.12875,0.5544,0.4391666666666667,0.5203846153846154,0.6569230769230768,5.885769230769231,1.556086956521739,0.5145833333333333,1.1092307692307692,0.5180769230769231,0.0407692307692307,22.826538461538465,175.6591304347826,156.61263157894737,9.0,42.3,67.4,51516562.0,COL,400.1,21.59597432,20.88088608,22.33036621,69.68431919,69.53499345,69.83767595,8.71970649,9.584120466,7.831957843
Comoros,,,,,,,,,0.63,,7.9,1.58,,,,,,,,0.0,,47.5,821625.0,COM,0.72,38.26335721,37.93628377,38.58743455,57.43285718,57.41002268,57.45548251,4.303785605,4.653693548,3.957082939
Congo,12.82,42.6,10.9,1.83,2.8766666666666665,3.793333333333333,2.0,0.8466666666666667,1.42,1.3725,11.36,3.1833333333333336,0.38,1.2033333333333334,1.1475,0.3333333333333333,182.58,1048.14,666.6666666666666,1.0,,35.6,,COD,32.67,46.5250082,46.07922399,46.97776773,50.51259478,50.68965087,50.33276825,2.962397011,3.231125141,2.68946402
Cook Islands,9.62,51.31,9.62,3.69,4.33,3.85,2.41,1.6,3.21,,16.03,,,,,0.64,,166.76,166.76,0.0,,,,COK,0.18,,,,,,,,,
Costa Rica,6.265,35.925,7.395,2.165,3.18,2.635,1.385,1.185,1.995,1.815,12.325,3.9,0.92,1.065,1.18,0.065,48.95,379.5750000000001,277.385,4.0,46.1,75.8,5153957.0,CRI,50.46,20.54845432,20.12192375,20.97440185,68.92125798,68.55263791,69.28937416,10.5302877,11.32543833,9.736223995
Croatia,7.715909090909091,34.59909090909091,5.615454545454546,2.3390909090909093,2.5895454545454544,1.5254545454545456,1.9322727272727271,1.3727272727272728,1.021904761904762,1.279047619047619,5.207619047619048,4.456666666666667,1.4966666666666668,2.541904761904762,1.546818181818182,0.107,23.786666666666665,338.65333333333336,259.95157894736843,10.0,75.9,70.1,3899000.0,HRV,57.18,14.13753309,13.38797775,14.92744639,63.89154992,61.41810994,66.49816615,21.97091698,25.19391231,18.57438747
Cuba,7.388888888888889,26.95555555555556,6.142857142857143,2.427777777777778,2.4000000000000004,1.69375,1.8466666666666665,1.1233333333333333,1.2966666666666666,2.075,7.0,3.611111111111111,0.3,1.0,1.2833333333333332,0.2,148.0,366.43,222.5,9.0,69.1,54.7,11256372.0,CUB,77.15,15.79940607,15.1788547,16.4286014,68.53025253,67.76053032,69.31069658,15.6703414,17.06061498,14.26070202
Curacao,22.18,83.18,10.26,2.43,4.44,3.3,2.26,1.71,1.92,2.18,10.54,8.32,1.3,13.86,1.36,0.51,58.96,512.92,425.12,,,,152369.0,CUW,5.6,17.40246299,16.36977112,18.52501617,68.01899778,66.48778962,69.68344645,14.57853923,17.14243925,11.79153737
Cyprus,13.697142857142856,48.92428571428571,7.232857142857143,3.1900000000000004,3.685714285714286,3.2357142857142853,1.747142857142857,0.8557142857142858,0.7971428571428572,1.23,6.187142857142858,4.774285714285715,1.7566666666666666,5.965714285714286,1.5542857142857145,0.12,33.37714285714286,660.0514285714286,517.0857142857143,3.0,67.9,74.5,1244188.0,CYP,21.34,15.98170855,15.5543139,16.4076485,69.53780297,68.74661351,70.3262995,14.48048848,15.69907259,13.266052
Czech Republic,6.392,30.03666666666667,6.58918918918919,1.65575,1.923684210526316,2.2628947368421053,1.3657894736842104,1.046388888888889,0.5509999999999999,0.79025,4.8235,5.38575,0.942,1.9891666666666667,1.9667567567567563,0.1421052631578947,18.46236842105264,515.9011538461539,443.5107407407408,16.0,74.5,78.0,10505772.0,CZE,205.6,16.00294384,15.38195482,16.64287452,63.54446811,61.26973587,65.88858515,20.45258804,23.34830931,17.46854033
Denmark,17.685,87.178,11.312,6.848000000000001,5.8100000000000005,5.126,3.4370000000000003,2.728,1.294,1.741,9.074000000000002,8.062000000000001,3.84375,6.606,2.109,0.111,34.25,977.132,706.635,10.0,73.4,84.2,5856733.0,DNK,347.2,16.16515413,15.65446732,16.68108897,63.56611929,62.61023863,64.53182298,20.26872658,21.73529405,18.78708806
Djibouti,9.27,67.42,8.99,5.62,7.02,1.9,0.67,0.95,0.75,2.25,7.87,1.4,0.42,2.81,1.45,0.17,37.155,814.61,576.66,0.0,,34.7,1105557.0,DJI,1.58,30.77067452,30.20674838,31.34259019,64.733856,64.87442223,64.59129826,4.49546948,4.91882939,4.066111547
Dominica,5.55,60.0,5.55,1.85,1.85,2.48,1.57,1.49,1.91,1.99,8.51,7.4,1.3,7.4,1.14,0.32,64.75,345.88,235.89,1.0,,65.8,72412.0,DMA,0.51,19.86259278,19.54334259,20.18479724,70.81926463,70.15093613,71.49377766,9.318142586,10.30572128,8.321425103
Dominican Republic,5.811666666666667,39.46,6.855,2.813333333333334,4.021666666666667,2.22,1.2041666666666666,0.7827272727272727,0.8066666666666666,2.2225,7.991818181818181,4.7225,0.8933333333333334,4.800000000000001,1.2308333333333332,0.197,52.935,314.04999999999995,201.584,1.0,39.1,64.9,11117873.0,DOM,64.05,27.35962052,26.93420827,27.78148349,65.4722596,65.32059469,65.62265914,7.168119875,7.745197041,6.595857368
Ecuador,3.325,28.821428571428573,6.0,2.142857142857143,3.361428571428572,2.2328571428571427,0.7685714285714286,0.5828571428571429,1.1275,1.4349999999999998,7.863636363636363,5.263636363636364,0.3311111111111111,1.5416666666666667,0.6746153846153846,0.1172727272727272,40.72857142857144,334.17,236.775,5.0,42.8,66.9,17797737.0,ECU,100.5,26.09764376,25.52153387,26.67531392,66.26028354,66.10940362,66.41157208,7.642072697,8.369062505,6.913114
Egypt,3.0047619047619047,13.07047619047619,3.416190476190476,1.3368421052631578,2.1566666666666667,1.1,0.2542857142857143,0.15,0.2385714285714285,1.13,7.593684210526316,1.8823809523809525,0.1627777777777778,0.3915,0.3223809523809524,0.0142857142857142,12.516,109.766875,65.74,7.0,53.4,51.2,109262178.0,EGY,284.9,33.05096954,32.63422479,33.45822411,62.17448577,61.78102263,62.5589889,4.774544695,5.584752578,3.982786988
El Salvador,4.05,21.45,6.375,1.375,2.55,2.95,0.6699999999999999,0.565,1.0699999999999998,1.25,12.25,3.81,0.25,6.5,0.985,0.165,39.25,633.33,483.33,1.0,31.4,64.7,6314167.0,SLV,25.14,25.76153547,23.87033555,27.84192727,66.08785719,66.8368065,65.26398447,8.150607345,9.292857952,6.894088254
Equatorial Guinea,12.85,44.175,20.08,1.805,4.255,4.445,0.995,1.0,1.56,3.21,4.82,1.93,1.61,0.72,0.94,0.335,240.96,281.125,156.625,0.0,,37.9,1634466.0,GNQ,15.4,38.76640406,40.75468444,36.99064717,58.08562493,55.60637824,60.2998697,3.147971003,3.638937323,2.709483133
Eritrea,11.4,20.0,2.67,1.0,2.0,1.06,1.56,1.57,1.58,1.0,,2.5,0.22,0.67,2.17,0.1,,650.0,600.0,1.0,,34.6,3620312.0,ERI,3.87,39.78187515,38.88102408,40.70725821,56.21070781,56.59835637,55.8125028,4.00741704,4.520619557,3.480238991
Estonia,7.64,43.782,6.248333333333334,3.973333333333333,3.6425,2.722,1.889,1.337,0.7649999999999999,1.419090909090909,7.7725,5.155,0.8833333333333333,2.4745454545454546,1.6700000000000002,0.0516666666666666,22.602500000000003,304.83272727272725,240.88454545454545,2.0,76.2,74.7,1330932.0,EST,26.36,16.46935616,15.2386331,17.83358631,63.1592435,59.55895984,67.15008081,20.37140034,25.20240705,15.01633288
Ethiopia,5.184,20.646,3.84,0.77,1.1375,0.6719999999999999,0.4679999999999999,0.29,0.4675,0.9375,7.7975,2.55,0.1925,1.46,0.68,0.015,234.39,417.9725,223.25,9.0,49.9,39.7,120283026.0,ETH,49.86,39.96100248,39.37459564,40.54155156,56.90057714,57.18676964,56.61724349,3.138420379,3.438634718,2.841204949
Falkland Islands,17.22,55.35,,4.31,3.08,2.89,1.22,1.11,,,9.84,12.3,,4.92,1.01,0.06,574.41,615.0,615.0,,,,,FLK,0.16,,,,,,,,,
Faroe Islands,19.675,108.0825,15.595,5.955,6.1675,4.04,3.2975000000000003,2.375,2.22,2.93,20.316666666666663,9.21,3.19,8.506666666666666,1.586666666666667,,56.70000000000001,600.9866666666667,584.725,,,,52889.0,FRO,2.32,20.66800911,21.03375279,20.32725214,61.4292332,59.98079109,62.77872131,17.90275769,18.98545611,16.89402655
Fiji,3.793333333333333,34.16,6.53,2.276666666666667,3.793333333333333,2.7000000000000006,1.06,0.85,0.62,1.7166666666666668,8.503333333333332,7.593333333333334,0.7600000000000001,0.68,1.2933333333333332,0.12,25.33,366.29,198.1133333333333,1.0,44.4,60.6,924610.0,FJI,4.17,28.91269233,28.4691035,29.35364316,65.36889357,65.053501,65.68241052,5.718414098,6.477395504,4.963946313
Finland,12.777407407407408,78.41666666666667,8.787777777777778,6.353333333333333,6.292962962962963,3.935185185185185,2.438148148148148,1.6414814814814815,1.4555555555555555,2.5146153846153845,12.6428,9.44153846153846,3.391851851851852,6.768888888888888,2.330769230769231,0.0722222222222222,22.69851851851852,711.8032,583.7647826086957,7.0,72.7,85.9,5541017.0,FIN,276.3,15.42864404,14.9009815,15.96902844,61.67984889,59.84237941,63.56161944,22.89150707,25.25663909,20.46935211
France,15.6688,56.03112359550561,9.387291666666666,5.968555555555555,4.935568181818182,2.75,2.6173033707865168,1.82978021978022,0.8201086956521739,2.1487341772151898,7.56031914893617,10.578924731182797,1.729462365591398,3.117662337662338,2.0585882352941174,0.1825,29.93142857142857,728.1516666666666,597.8784722222222,49.0,47.6,79.5,67749632.0,FRA,2902.0,17.37337537,16.44543853,18.36499814,61.30336941,60.10604954,62.58286343,21.32325522,23.44851193,19.05213844
French Guiana,12.64,52.69,9.35,2.63,4.21,2.63,1.58,1.23,1.4,2.27,6.85,6.32,2.37,10.54,1.77,,69.37,777.14,720.06,,,,,,,,,,,,,,,
French Polynesia,15.89,52.98,11.44,5.04,2.65,3.42,2.46,1.06,1.43,2.03,16.69,15.74,0.97,13.25,1.25,0.18,96.55,912.47,647.56,,,,304032.0,PYF,7.15,21.70922798,21.34944378,22.06076962,68.66316704,68.77331461,68.55554291,9.627604989,9.877241613,9.383687471
Gabon,15.13,80.32,11.65,0.96,1.61,2.41,0.84,0.84,1.02,1.02,5.22,2.01,0.56,0.8,1.03,0.21,66.93,863.45,471.22,2.0,,47.2,2341179.0,GAB,20.68,36.42320814,36.89828447,35.96552029,59.67896944,58.91222549,60.41764944,3.897822422,4.18949004,3.616830264
Gambia,1.21,16.13,5.140000000000001,1.21,1.61,1.51,0.7,0.34,0.35,1.26,2.62,1.21,0.275,0.81,0.85,0.05,92.74,120.97,89.425,2.0,,49.3,2639916.0,GMB,0.92,43.50260453,42.81587267,44.19648943,54.06125688,54.62748055,53.48913541,2.436138581,2.55664678,2.314375163
Georgia,8.47875,29.34375,5.82125,1.34125,1.8725,2.015,0.69875,0.33875,0.5449999999999999,1.1475,5.31875,2.7375,0.2075,1.05625,1.2574999999999998,0.06125,16.5075,372.614,286.5325,4.0,75.7,62.2,3708610.0,GEO,16.13,21.09431131,19.23135453,23.19365123,64.34894544,62.95533545,65.91938504,14.55674325,17.81331002,10.88696373
Germany,11.78292857142857,53.37985714285715,8.757285714285715,3.8125179856115112,3.5778102189781023,3.04273381294964,2.4841007194244606,2.2115107913669063,0.5781102362204724,0.6943410852713179,5.332463768115942,7.585942028985507,2.9513953488372096,3.7796153846153846,2.262,0.1235537190082644,36.13788321167883,712.719051724138,552.6641463414634,51.0,63.6,83.2,83196078.0,DEU,3820.0,13.87328442,13.31615933,14.4453086,63.95645005,62.0976229,65.86498743,22.17026552,24.58621777,19.68970397
Ghana,2.144,11.93,3.892,0.478,0.728,0.778,0.352,0.146,0.485,0.525,2.885,0.89,0.31,0.6749999999999999,0.5425,0.0533333333333333,23.2575,360.105,60.485,2.0,53.2,63.8,32833031.0,GHA,35.48,37.25488004,36.70438798,37.80812732,59.26835602,59.51121481,59.02428171,3.476763941,3.784397207,3.167590972
Gibraltar,17.84,79.95,8.61,3.84,3.69,2.76,1.55,1.7,1.09,1.58,6.77,4.06,1.48,4.8,1.33,0.21,46.48,1728.41,1402.54,,,,32669.0,GIB,1.85,17.1031084,16.65239726,17.55477248,62.46652076,61.8976272,63.03661713,20.43037084,21.44997554,19.40861039
Greece,11.3275,41.49484848484848,6.9325,3.850833333333333,4.308888888888889,3.0875000000000004,1.79,0.5477777777777778,0.7965714285714286,1.5805882352941176,6.386666666666667,4.920857142857143,1.231666666666667,3.666764705882353,2.206571428571429,0.4062962962962963,33.96558823529411,475.0064516129033,376.1793548387097,18.0,52.6,69.9,10641221.0,GRC,246.4,14.06022671,13.3957389,14.7521921,63.43163212,62.8098305,64.07914617,22.50814117,23.7944306,21.16866173
Greenland,19.135,72.435,15.96,8.86,11.53,4.365,2.71,2.4450000000000003,1.42,2.935,28.21,11.84,2.84,3.97,0.78,0.115,191.365,992.26,683.34,,,,56653.0,GRL,2.16,20.88882172,21.36210131,20.4626094,69.65311239,69.4521576,69.83408238,9.458065893,9.185741088,9.703308215
Guadeloupe,8.96,31.61,8.96,5.53,6.32,2.21,2.2,1.38,0.45,2.63,7.9,,2.11,,1.44,0.21,57.9,843.0,737.62,,,,,,,,,,,,,,,
Guatemala,5.220000000000001,30.424,5.8580000000000005,1.886,3.054,2.348,1.026,0.764,1.108,1.456,7.9,3.474,0.6766666666666667,3.756,0.964,0.176,47.872,381.77,382.1233333333333,3.0,41.7,52.2,17109746.0,GTM,58.3,32.92970403,32.14375145,33.73139405,62.16985409,62.51590913,61.81686985,4.900441881,5.340339415,4.451736096
Guinea,5.0,30.0,11.0,2.37,5.0,2.0,1.37,1.2,1.0,1.0,10.5,1.5,0.9,0.5,1.0,0.12,100.0,540.38,300.0,1.0,,46.2,13531906.0,GIN,6.77,41.83348598,40.68433775,43.01015248,54.8107894,55.43967939,54.16683961,3.355724611,3.875982863,2.82300791
Guinea-Bissau,2.62,15.13,2.21,1.01,2.02,2.41,1.14,1.3,0.8,0.88,5.62,1.61,,0.4,1.07,0.18,,346.16,191.67,0.0,,43.3,2060721.0,GNB,1.04,40.56208968,39.55481766,41.5953937,56.62610319,57.16201647,56.07633974,2.81180713,3.283165869,2.328266563
Guyana,5.49,49.58,7.16,1.91,2.39,3.49,1.16,0.71,1.51,1.41,19.095,2.39,0.57,2.39,1.02,0.14,46.305,323.57,201.4,0.0,31.1,56.5,804567.0,GUY,3.14,28.71277345,27.67930908,29.79164735,65.12266847,65.48390669,64.74555776,6.164558079,6.836784233,5.462794895
Haiti,12.6,61.8175,13.75,4.5,6.125,2.5775,1.855,2.25,1.0,1.25,7.2,2.075,0.5,,0.66,0.0875,128.68,523.86,354.725,1.0,,34.8,11447569.0,HTI,8.92,32.358119,31.81471963,32.91127626,63.15209806,63.1128513,63.19204957,4.48978294,5.072429072,3.896674168
Honduras,4.49,27.747000000000003,6.736666666666667,1.475,2.7920000000000003,2.007,1.04,0.737,1.265,1.174,8.711,2.571111111111111,0.716,2.3,1.106,0.1955555555555556,86.40181818181817,329.812,230.798,2.0,25.8,55.9,10278345.0,HND,19.37,30.57345173,30.14248445,30.99586231,65.22866448,65.26581169,65.19225481,4.197883794,4.59170386,3.811882881
Hong Kong,7.7,64.18,5.52,6.42,6.74,5.09,1.18,1.06,1.62,1.83,19.25,7.96,1.54,3.47,2.77,0.09,22.84,2294.53,1649.35,,78.1,57.4,,HKG,292.7,12.17367328,10.86968797,13.69697953,68.22305617,69.86071243,66.30995792,19.60327055,19.2695996,19.99306255
Hungary,5.881951219512195,30.13390243902439,4.77975,1.3243589743589743,1.601025641025641,1.39175,1.0,0.801219512195122,0.3120454545454545,0.7259523809523809,3.4623255813953486,4.654999999999999,0.8375,1.85175,1.1909302325581397,0.0741463414634146,12.162857142857142,299.01928571428573,235.0428571428572,8.0,65.7,68.7,9709891.0,HUN,129.7,14.55346184,13.60131991,15.58768223,65.02665455,62.19017419,68.10765093,20.41988361,24.2085059,16.30466684
Iceland,15.611666666666666,89.15833333333335,11.856666666666667,7.618333333333333,5.611666666666667,3.863333333333333,2.151666666666667,1.913333333333333,1.7916666666666667,2.973333333333333,16.654999999999998,10.303333333333333,2.8233333333333337,5.3500000000000005,1.9383333333333328,0.1899999999999999,61.14833333333333,1261.4183333333333,1059.371666666667,3.0,76.5,78.1,372520.0,ISL,16.2,18.62867404,18.56408836,18.69009206,66.44578557,65.51540752,67.33053247,14.92554039,15.92050412,13.97937547
India,2.323141025641026,10.53175,3.87776397515528,1.8966666666666667,3.2938666666666667,1.4028571428571428,0.3962345679012345,0.178282208588957,0.3426380368098159,1.7961224489795915,7.831496598639456,3.89951724137931,0.3116666666666666,0.7534507042253521,1.2712820512820513,0.0112056737588652,8.424591194968553,112.00187050359712,76.42934306569343,40.0,55.4,54.8,1407563842.0,IND,2048.0,25.68759098,25.35611009,25.99833763,67.50994439,67.2721769,67.73283945,6.80246463,7.371713005,6.26882292
Indonesia,1.64425,12.893333333333334,3.1420000000000003,2.665135135135136,3.4883783783783784,1.5608823529411764,0.5475,0.264,0.441578947368421,2.1878571428571427,16.92851851851852,1.9948571428571429,0.3517241379310345,0.6013333333333333,0.7691666666666667,0.1265625,32.07942857142857,203.37,119.80821428571429,9.0,53.9,57.6,273753191.0,IDN,856.1,25.47648568,24.98412269,25.96187762,67.74388285,67.28878579,68.19253647,6.779631475,7.727091514,5.845585909
Iran,4.6332258064516125,27.385625,4.527931034482759,1.0461290322580643,1.3738709677419356,1.890625,0.926875,0.6140625,0.4644117647058823,0.6448275862068965,1.194,3.4245454545454543,0.3855,0.4651851851851851,0.4536666666666666,0.0293333333333333,21.30148148148148,841.1703703703703,550.8628571428571,26.0,50.9,53.0,87923432.0,IRN,402.7,23.81111827,23.46627532,24.14874138,68.81381991,68.61714248,69.00637959,7.375061819,7.916582206,6.844879034
Iraq,4.629545454545454,17.947727272727274,6.3585714285714285,2.665263157894737,2.624375,2.1157142857142857,0.4609090909090909,0.2468181818181818,0.5227272727272727,1.7433333333333332,10.408571428571427,1.9095454545454544,0.4945454545454545,2.3745454545454545,0.4531818181818182,0.0957142857142857,35.57863636363636,283.73066666666665,176.178,6.0,53.0,48.5,43533592.0,IRQ,232.2,38.12091203,37.21804158,39.02124649,58.46926371,58.73633109,58.20294646,3.409824264,4.045627328,2.775807041
Ireland,15.874545454545457,76.87409090909091,8.733636363636363,5.381363636363637,5.272272727272727,3.445909090909091,2.002272727272727,1.6213636363636363,1.357727272727273,2.5795454545454546,10.536818181818182,15.386363636363637,3.190714285714286,4.250454545454546,1.98,0.3361904761904761,54.14272727272728,1230.689,1075.7127777777778,2.0,54.5,80.9,5033165.0,IRL,245.8,19.91317202,19.26600618,20.57204222,65.25776663,65.20096343,65.31559715,14.82906135,15.5330304,14.11236062
Isle Of Man,22.14,79.95,8.35,4.31,5.54,3.5,1.91,1.63,0.34,2.34,9.23,14.76,2.15,3.94,1.78,0.27,50.02,1060.88,896.14,,81.4,,84263.0,IMN,4.08,14.90206317,14.43754703,15.37539984,63.05933174,62.46825621,63.66163099,22.03860509,23.09419676,20.96296917
Israel,18.66176470588235,80.25970588235293,15.195,8.125588235294117,7.788823529411765,3.684117647058824,2.685,2.091470588235294,1.3427272727272728,2.49,11.627058823529412,10.403529411764705,1.646774193548387,4.9259375,2.019117647058824,0.0927586206896551,27.763529411764708,1017.747741935484,839.7996875,9.0,67.9,63.2,9364000.0,ISR,305.0,28.16981887,27.37479181,28.96946059,59.90001302,59.46518715,60.33736279,11.9301681,13.16002104,10.69317661
Italy,15.011828571428572,57.100342857142856,8.403779069767442,4.511395348837209,4.027176470588235,1.5070454545454546,2.255117647058824,1.0895977011494251,0.4750898203592814,1.4909036144578314,5.55112426035503,5.968132530120482,1.543265306122449,5.647062937062937,2.1352,0.1743283582089552,29.02598765432099,582.0267500000001,459.2867889908257,58.0,54.8,76.3,59109668.0,ITA,2129.0,12.65183966,11.98782826,13.350205,63.66778311,62.02079407,65.39998241,23.68037723,25.99137767,21.24981259
Ivory Coast,3.21,32.13,8.84,0.96,2.41,2.46,0.76,0.63,0.72,0.87,6.02,1.16,0.44,0.8,1.09,0.15,55.88,568.94,227.99,5.0,,50.0,27478249.0,CIV,33.96,41.79793079,41.94616241,41.6526598,55.79898122,55.66114862,55.9340609,2.403087984,2.392688964,2.413279305
Jamaica,5.11875,38.31625,5.5425,2.23125,2.9225,2.815,0.97,0.775,0.99,2.03625,10.31125,8.28125,0.99,1.11125,1.21,0.06375,36.7675,320.18333333333334,255.91,1.0,32.2,66.7,2827695.0,JAM,13.92,20.29961157,19.78065518,20.82662872,72.46433446,72.25966367,72.67218432,7.236053966,7.95968115,6.501186962
Japan,6.329315068493151,31.406438356164383,5.285915492957747,3.197361111111112,3.850571428571429,2.8934285714285712,1.0638028169014084,0.8347887323943662,0.8855072463768117,2.0168181818181816,8.637301587301588,4.096666666666667,1.8259183673469388,4.349428571428571,1.1758333333333333,0.319672131147541,35.14222222222222,568.2769999999999,429.8520408163265,25.0,77.9,75.8,125681593.0,JPN,4770.0,11.77396642,11.19238474,12.3889388,58.43894367,56.1314374,60.87893216,29.78708991,32.67617786,26.73212904
Jersey,27.68,104.55,8.61,6.15,6.15,4.03,2.28,1.64,1.07,3.54,10.95,12.78,2.71,4.92,1.79,0.62,58.96,1665.23,1624.63,,,,,JEY,5.77,,,,,,,,,
Jordan,5.7700000000000005,25.98428571428571,5.99125,6.578333333333333,6.638333333333333,2.0025,0.55375,0.35375,0.53,5.42,18.446666666666665,3.24875,0.65,0.72875,1.1575,0.0375,36.17125,216.10666666666663,184.3033333333333,6.0,59.8,51.1,11148278.0,JOR,36.55,32.60907795,33.26574298,31.99922251,63.66731991,62.71354065,64.55311013,3.723602144,4.020716366,3.447667359
Kazakhstan,5.5633333333333335,21.93428571428572,4.59,0.954,1.3471428571428572,1.4742857142857144,0.5893333333333334,0.3542857142857142,0.4173333333333333,0.7253333333333333,4.706,1.3376923076923075,0.1873333333333333,0.93,0.39875,0.0308333333333333,10.291333333333334,217.1892307692308,149.68384615384616,5.0,46.6,58.6,19000988.0,KAZ,225.6,29.53260589,27.63057726,31.58622995,62.51768327,62.44266423,62.59868148,7.949710847,9.926758514,5.815088578
Kenya,3.027857142857143,26.325714285714287,5.484999999999999,2.1353846153846154,2.3425,1.7084615384615385,0.5292857142857142,0.3716666666666666,0.5942857142857143,1.78,7.523076923076923,1.8891666666666669,0.7749999999999999,1.9875,1.0446153846153847,0.0292307692307692,37.04384615384616,143.0909090909091,103.8690909090909,7.0,43.8,54.0,53005614.0,KEN,62.72,38.39515565,37.94233158,38.85568633,58.76107387,58.81083554,58.71046531,2.843770473,3.246832878,2.433848356
Kosovo (Disputed Territory),3.582,16.752000000000002,4.214,1.538,1.7280000000000002,1.008,1.03,0.642,0.6575,1.0275,2.85,3.1000000000000005,0.5433333333333333,1.58,1.5,0.096,20.29142857142857,266.995,180.13000000000002,,57.7,68.5,1786038.0,KSV,5.99,,,,,,,,,
Kuwait,5.705,40.725,6.029999999999999,2.405,2.73,4.135,0.59,0.38,0.5800000000000001,2.245,4.234999999999999,2.685,1.06,3.665,0.315,0.16,24.615,757.88,538.425,0.0,66.6,54.9,4250114.0,KWT,179.3,21.1201276,24.7925856,18.76780531,74.4222155,71.18748454,76.49416016,4.4576569,4.019929861,4.738034531
Kyrgyzstan,4.736666666666667,19.73333333333333,3.9,1.42,1.8166666666666669,1.586666666666667,0.5833333333333334,0.3433333333333333,0.4166666666666667,0.97,5.133333333333334,1.38,0.18,0.63,0.73,0.0366666666666666,13.316666666666668,303.56,161.325,3.0,43.4,61.0,6691800.0,KGZ,7.65,34.46458183,33.18379765,35.79204479,61.15016621,61.62022873,60.66297203,4.385251963,5.195973613,3.544983176
Laos,2.35,22.035,5.0,1.015,2.125,2.05,0.7350000000000001,0.45,0.665,1.04,17.0,1.845,0.68,2.5,1.14,0.1,102.02,559.01,228.82,3.0,,46.9,7425057.0,LAO,11.71,31.01673623,30.67434808,31.35362685,64.62608539,64.61429212,64.63768929,4.357178379,4.711359796,4.008683861
Latvia,7.463333333333334,34.668,5.589333333333333,2.3,2.1106666666666665,2.130666666666667,1.026,1.2906666666666666,0.6906666666666667,1.1606666666666667,6.621333333333334,4.582666666666667,0.8336363636363636,1.6625,1.6686666666666667,0.0911111111111111,15.980666666666668,270.35166666666663,209.365,2.0,61.3,71.8,1884490.0,LVA,32.82,15.6263958,14.06387778,17.43719456,62.75866246,59.22820977,66.85009643,21.61494173,26.70791245,15.71270902
Lebanon,10.0,42.5,7.683333333333334,3.3183333333333334,4.47,2.111666666666667,1.3083333333333331,0.4783333333333333,0.6666666666666666,1.5533333333333337,9.0,3.3816666666666664,1.4775,4.333333333333333,0.9633333333333334,0.285,58.06,479.6875,274.5125,6.0,53.1,48.0,5592631.0,LBN,47.5,27.61837854,26.08342663,29.2470344,62.75952231,63.45829597,62.01809072,9.622099152,10.45827739,8.734874878
Lesotho,,22.95,11.48,0.86,1.15,1.43,0.69,0.29,0.95,1.1,4.28,,0.46,0.48,0.81,0.11,44.2,285.13,169.18,1.0,,48.8,2281454.0,LSO,2.46,34.09859807,33.65263358,34.55647074,61.69358188,61.17205484,62.22903479,4.207820055,5.175311582,3.214494474
Liberia,12.5,45.0,10.0,2.5,3.5,3.67,1.5,2.67,1.3,2.333333333333333,5.666666666666667,3.333333333333333,3.0,3.5,1.04,0.35,49.87,1312.5,158.33,0.0,,36.8,5193416.0,LBR,2.07,41.01249939,40.3235243,41.70762299,55.64656824,55.91900371,55.3717015,3.340932379,3.757471984,2.920675506
Libya,3.2880000000000003,18.444,2.881,0.6859999999999999,0.585,0.502,0.4599999999999999,0.209,0.252,0.5650000000000001,1.49,2.225,0.975,0.925,0.033,0.029,28.873,146.054,88.664,5.0,39.7,54.5,6735277.0,LBY,49.34,28.85624452,28.4160037,29.2856727,66.32142227,66.21874012,66.42158247,4.822333217,5.365256181,4.292744834
Liechtenstein,24.382,97.04,14.532,5.126,5.748,5.16,4.238,3.38,1.02,2.07,16.03,9.62,4.733333333333333,1.7100000000000002,1.7600000000000002,0.17,54.13000000000001,1252.5933333333337,997.59,,,72.6,39039.0,LIE,5.11,14.54808591,13.64675404,15.46490299,66.59280985,66.24758712,66.94396362,18.85910424,20.10565884,17.59113339
Lithuania,7.626666666666667,34.30388888888889,6.135882352941176,3.3633333333333333,2.910555555555556,2.461111111111111,1.4555555555555555,1.165,0.7705263157894737,1.1336842105263158,7.192941176470589,4.403333333333333,0.8583333333333334,1.0599999999999998,1.6426315789473684,0.08,11.67842105263158,367.9069230769231,240.13083333333336,4.0,66.7,73.9,2800839.0,LTU,48.72,15.18263593,13.92580226,16.60398207,64.22735826,60.60528915,68.32353588,20.59000582,25.46890858,15.07248205
Luxembourg,15.94,65.86,11.855,4.475,4.01375,3.42125,2.72,2.6825,0.44125,1.8975,7.6425,5.795,0.0,5.771666666666666,1.4525,0.27,45.883750000000006,1470.354,1289.784,1.0,64.3,78.2,640064.0,LUX,63.93,15.9137585,15.66093379,16.16327368,69.34114475,68.150349,70.5163527,14.74509675,16.18871721,13.32037362
Madagascar,2.1775,13.518,5.315,1.205,1.375,1.0625,0.8625,0.5825,0.5425,0.8775,6.109999999999999,5.27,0.195,1.15,0.9933333333333332,0.05,58.79,250.095,115.2,3.0,,46.0,28915653.0,MDG,11.19,39.39797485,38.99119823,39.80289264,57.30197512,57.45151534,57.15311824,3.300050033,3.557286427,3.04398912
Malawi,3.733333333333333,29.86,5.226666666666667,0.8433333333333334,1.6366666666666667,2.24,0.8533333333333334,0.3766666666666666,0.5566666666666666,0.8666666666666667,6.98,2.92,0.49,3.2433333333333336,1.13,0.0566666666666666,155.79666666666665,256.41,125.365,2.0,,47.7,19889742.0,MWI,4.41,43.15560503,42.01072381,44.36537825,54.14612216,54.82902731,53.42450986,2.698272808,3.160248879,2.210111883
Malaysia,2.4423076923076925,16.4216,3.5592307692307688,3.452,3.8233333333333337,2.3873076923076924,0.581923076923077,0.3188,0.5480769230769231,2.348333333333333,14.235416666666666,3.9748,0.65,0.8968,0.4715384615384615,0.0668,27.02,292.9464705882353,187.2641176470588,4.0,44.3,59.1,33573874.0,MYS,336.9,22.96158648,22.76608642,23.1484406,69.78792453,69.43123669,70.12883792,7.250488985,7.802676893,6.722721482
Maldives,7.33,26.19,9.0,3.11,7.86,2.53,0.96,0.32,0.44,1.96,8.84,6.55,0.65,1.64,0.935,0.06,103.19,860.88,581.92,0.0,45.3,49.0,521457.0,MDV,2.41,21.71816495,24.68251775,19.54252311,73.73793646,70.35873342,76.21805135,4.543898592,4.958748828,4.239425544
Mali,4.72,51.68,4.83,2.0,3.0,2.88,0.77,0.62,0.91,1.65,4.52,1.5,4.67,,1.22,0.21,29.27,1000.0,538.39,4.0,,46.0,21904983.0,MLI,12.04,47.39357935,47.32576222,47.46006903,50.16899351,50.01987,50.31519807,2.437427137,2.654367787,2.224732903
Malta,15.614848484848483,68.53411764705882,8.558484848484849,2.87,3.633125,2.4367647058823527,2.0040625,1.36125,0.885,1.6190909090909091,7.303529411764706,6.056666666666667,1.8007999999999995,6.08551724137931,1.464705882352941,0.2975,36.70529411764706,834.1485,709.4473684210526,3.0,59.2,73.5,518536.0,MLT,10.57,13.13445898,13.17514039,13.0969262,67.99883436,65.64960844,70.16623689,18.86670666,21.17525117,16.73683692
Marshall Islands,15.2,44.0,12.0,9.0,4.5,2.58,2.0,1.5,2.0,2.0,12.5,10.0,2.0,1.5,1.55,0.25,71.67,1116.67,850.0,1.0,,68.4,42050.0,MHL,0.18,33.18311534,32.57566549,33.76469219,62.55172414,63.19679105,61.93413243,4.265160523,4.227543454,4.301175375
Martinique,10.54,68.49,10.41,6.32,0.52,3.86,2.77,3.16,0.64,1.67,6.32,11.33,1.53,4.0,1.68,,36.88,656.83,658.9,,,,,,,,,,,,,,,
Mauritania,5.58,27.01,6.95,2.78,2.78,2.44,3.44,1.65,0.71,2.78,11.11,2.67,0.56,0.97,1.09,0.95,90.4,280.67,150.23,2.0,,45.6,4614974.0,MRT,4.29,42.00967329,40.67309312,43.40171004,54.73092589,55.95749123,53.45346866,3.259400811,3.369415658,3.144821296
Mauritius,5.725,27.49,4.125,1.82,2.8200000000000003,1.775,0.98,0.5549999999999999,0.56,1.465,10.88,5.04,0.79,3.44,1.135,0.05,32.79,229.1,190.91,2.0,51.1,65.7,1266060.0,MUS,12.72,16.63770017,16.23260366,17.05355604,71.06834207,70.06386319,72.09949988,12.29395776,13.70353315,10.84694408
Mexico,6.740731707317074,26.99511904761905,6.059024390243903,1.8539506172839504,3.077721518987341,2.3812048192771083,0.9134939759036146,0.6603614457831326,0.8425925925925926,1.2237974683544304,9.463896103896104,3.3241463414634143,0.5323684210526316,1.976265060240964,1.102142857142857,0.0902702702702702,27.74940476190476,350.58486486486487,243.6735064935065,35.0,46.3,67.2,126705138.0,MEX,1296.0,24.95313489,24.01398538,25.93772445,66.91322612,67.27396593,66.53503219,8.133638985,8.712048692,7.527243356
Moldova,2.7355555555555555,31.121666666666663,3.4177777777777774,0.923,1.233,0.968,0.666,0.434,0.524,0.754,2.128,2.175,0.2133333333333333,0.975,1.182,0.08125,8.696000000000002,173.55,113.535,1.0,52.6,69.0,2615199.0,MDA,7.74,19.80601707,18.49627814,21.25548001,66.58787104,64.98901459,68.35729478,13.60611189,16.51470727,10.38722521
Monaco,26.34,158.06,9.48,7.38,8.43,4.54,4.95,5.85,2.03,2.11,13.7,10.54,2.11,3.16,1.93,,57.6,5490.31,3512.48,0.0,74.9,68.8,36686.0,MCO,6.06,12.80597503,12.3716852,13.25770215,51.22390013,50.5025663,51.97419642,35.97012484,37.1257485,34.76810143
Mongolia,3.52,17.52,3.9333333333333336,1.2233333333333334,1.6833333333333331,1.58,0.57,0.29,0.4166666666666667,0.7833333333333333,5.283333333333333,1.465,0.0699999999999999,0.2933333333333333,0.7533333333333334,0.02,11.55,183.60333333333327,118.32666666666668,5.0,46.3,60.9,3347782.0,MNG,11.73,32.43118393,31.33799299,33.54073099,63.1501001,63.30810187,62.98973434,4.418715971,5.353905144,3.469534663
Montenegro,6.944545454545454,27.58727272727273,4.359090909090909,2.299090909090909,2.059090909090909,1.5372727272727271,1.770909090909091,1.0136363636363637,0.6490909090909092,0.859090909090909,4.872727272727273,3.922727272727272,1.24,1.2027272727272729,1.5090909090909093,0.1936363636363636,25.66181818181818,368.9133333333333,263.5622222222222,4.0,58.9,59.7,619211.0,MNE,4.66,18.1815648,17.0485057,19.37421131,65.55927809,64.25098417,66.93637499,16.25915712,18.70051014,13.6894137
Montserrat,9.25,46.25,5.55,,1.85,,1.85,1.85,,,11.1,2.41,1.11,7.4,,0.09,71.04,379.27,314.52,,,,,,,,,,,,,,,
Morocco,2.6996875,18.30655172413793,5.0,2.4417241379310344,2.970322580645161,1.3512903225806452,0.5065625,0.3171875,0.5315625,1.7955555555555551,6.307241379310344,3.3778125,0.4713636363636363,0.615625,1.146875,0.1516129032258064,30.13096774193548,223.75035714285715,137.72,9.0,50.9,60.6,37076584.0,MAR,112.6,26.85253141,26.38889096,27.30984428,65.72254518,65.71822328,65.7268081,7.424923404,7.892885753,6.963347619
Mozambique,11.43,55.7925,4.31,1.0459999999999998,1.548,1.8925,0.936,0.6900000000000001,0.78,1.032,14.1,2.35,0.23,3.52,1.16,0.05,123.73,729.4449999999999,320.20000000000005,1.0,37.2,47.7,32077072.0,MOZ,16.59,43.68464335,42.72487594,44.6811631,53.72767658,54.16870297,53.26976198,2.587680073,3.106421091,2.049074921
Myanmar,2.94,15.0,5.41,1.19,1.8,2.05,0.4449999999999999,0.32,0.56,1.1,6.0,1.2,6.07,1.91,0.71,0.01,76.88,366.525,283.46000000000004,2.0,53.5,47.0,53798084.0,MMR,65.29,24.88185987,24.12004865,25.6502913,68.48995339,68.2744488,68.70733073,6.628186734,7.605502548,5.64237797
Namibia,9.435,35.735,5.075,1.285,1.3,1.62,0.645,0.605,0.95,1.04,3.86,2.605,0.71,0.825,1.19,0.05,55.46,398.44,317.125,2.0,35.3,59.1,2530151.0,NAM,13.11,36.20596878,35.13960631,37.34901725,59.76595068,59.94811245,59.570689,4.028080543,4.912281238,3.080293752
Nauru,10.87,33.98,10.19,5.44,8.15,4.08,1.36,0.85,1.7,,,12.23,,,1.22,,,1698.95,1698.95,,,65.7,12511.0,NRU,,38.84026695,37.93692083,39.71385897,58.87383607,59.31555845,58.446663,2.285896975,2.747520728,1.839478028
Nepal,1.9127272727272728,13.32888888888889,5.635555555555555,2.502727272727273,3.769,1.39375,0.4272727272727273,0.1772727272727272,0.2227272727272727,1.883,5.0488888888888885,2.069090909090909,0.2628571428571428,2.197142857142857,1.041111111111111,0.0209090909090909,13.792000000000002,78.07875,51.91375,4.0,62.5,61.3,30034989.0,NPL,19.64,29.39183315,27.63698985,31.30457249,64.55944657,66.10685312,62.87280857,6.048720277,6.256157022,5.822618934
Netherlands,17.004716981132077,66.18173076923077,9.33096153846154,5.125,4.150961538461538,3.119811320754717,2.6117307692307694,2.106153846153846,0.7575471698113208,1.2371698113207543,6.0635849056603774,8.513396226415093,3.644871794871795,4.860816326530612,2.225,0.163,44.312641509433966,1116.86375,942.72375,12.0,72.1,83.1,17533044.0,NLD,880.4,15.50266373,15.02398612,15.98732432,64.54591214,63.73791317,65.36401028,19.95142413,21.23810071,18.6486654
New Caledonia,17.66,79.47,10.6,7.51,7.06,4.99,2.49,0.95,1.13,2.98,13.25,16.38,2.43,4.9,1.22,0.3,59.61,809.45,626.96,,,,271030.0,NCL,11.1,22.48245309,21.78692874,23.18417719,66.82696317,66.87872089,66.77474409,10.69058374,11.33435036,10.04107873
New Zealand,15.05695652173913,67.33125,8.890416666666667,5.436521739130434,5.496521739130435,3.141666666666667,2.238260869565217,1.970434782608696,1.1366666666666667,2.635,10.2475,23.34304347826087,2.1973684210526314,2.143913043478261,1.81,0.2481818181818181,53.92791666666667,855.2563157894737,655.9672222222222,3.0,56.7,82.6,5122600.0,NZL,201.0,18.89064283,18.2584229,19.53405497,65.18109393,64.92744073,65.43923756,15.92826325,16.81413638,15.02670747
Nicaragua,3.954444444444445,23.55,5.231111111111111,1.34,2.2433333333333336,1.865555555555556,0.8344444444444444,0.5788888888888889,0.8344444444444444,1.0285714285714287,6.77,2.75625,0.5666666666666667,0.74875,1.2866666666666666,0.29,42.00625,203.544,157.074,2.0,52.1,57.3,6850540.0,NIC,11.85,30.07789167,29.21254076,30.96869325,64.76372666,64.97681954,64.54436653,5.158381675,5.8106397,4.486940216
Niger,4.02,30.82,9.64,2.01,3.21,2.41,1.53,0.86,1.22,1.37,8.03,2.41,0.32,0.48,0.9,0.11,12.05,540.78,359.06,3.0,,49.3,25252722.0,NER,8.29,48.90464085,48.81321198,48.99346053,48.6760061,48.49202646,48.85473531,2.41935305,2.694761567,2.151804162
Nigeria,1.3564516129032258,14.17703703703704,5.097666666666667,0.7513333333333333,1.100967741935484,1.7117857142857142,0.3516129032258064,0.2461290322580645,0.4273333333333333,0.637037037037037,4.179333333333333,0.8734999999999999,0.3672222222222222,1.2044444444444444,0.3772413793103448,0.0452173913043478,42.685833333333335,714.2284999999999,435.1727272727272,2.0,36.2,49.0,213401323.0,NGA,594.3,43.2860354,43.11528202,43.45322143,53.73234648,53.74295982,53.72195488,2.98161812,3.141758161,2.824823696
North Korea,4.27,20.49,3.13,,,1.81,1.68,1.99,0.3,,6.0,18.88,0.65,2.0,1.28,,,,198.78,2.0,39.7,,25971909.0,KOR,28.0,11.89235572,11.55184827,12.2336554,71.45687956,69.5264957,73.39175465,16.65076472,18.92165603,14.37458995
North Macedonia,3.793636363636364,16.194999999999997,3.070909090909091,1.4127272727272728,1.7731818181818182,1.0931818181818185,1.0530434782608695,0.7418181818181818,0.3982608695652174,0.8036363636363636,3.685217391304348,2.4928571428571424,0.643076923076923,0.8734782608695653,1.2417391304347825,0.118695652173913,16.00521739130435,172.79444444444445,125.43277777777776,2.0,59.1,62.5,2065092.0,MKD,10.92,16.06578616,15.44399805,16.6910938,69.1659654,67.96653433,70.37218567,14.76824844,16.58946762,12.93672052
Norway,18.7472,87.2788,12.6656,9.507916666666668,8.57,4.424,3.2432,2.812,2.2132,3.4916,15.9016,13.988,3.858095238095238,10.246521739130436,2.1208,0.1075,54.373333333333335,949.950909090909,735.7447619047618,8.0,66.2,79.4,5408320.0,NOR,511.6,16.96631385,16.65413303,17.2729856,64.93535746,63.90775367,65.94482711,18.09832869,19.4381133,16.78218729
Oman,4.976666666666667,26.232,6.426666666666667,7.688,8.572,3.988333333333333,0.71,0.2666666666666666,0.5666666666666667,4.695,28.385714285714283,5.883333333333334,1.625,3.635,0.5933333333333334,0.19,83.25166666666667,394.33,296.175,5.0,80.0,55.3,4520471.0,OMN,80.54,26.76956671,33.74458337,22.32785303,70.439452,62.55484866,75.46039349,2.790981294,3.700567975,2.211753485
Pakistan,1.1932432432432432,10.299142857142856,3.3457894736842104,2.189032258064516,3.48483870967742,1.1335135135135137,0.2115789473684211,0.1634210526315789,0.2825641025641025,1.1516666666666666,1.491142857142857,1.0142105263157897,0.1796666666666666,0.6302857142857143,0.7789473684210527,0.011578947368421,20.512941176470587,73.76208333333334,45.62434782608696,6.0,58.0,48.9,231402117.0,PAK,237.5,36.94010055,36.40930688,37.4607633,58.83848517,59.04184947,58.63900236,4.221414284,4.548843655,3.900234345
Panama,5.25,33.4,5.8,1.75,3.15,2.636,1.3119999999999998,1.064,1.504,1.108,8.8,6.470000000000001,0.3666666666666667,1.4,0.8779999999999999,0.175,38.654,606.405,369.67,5.0,56.1,65.7,4351267.0,PAN,44.69,26.40821627,25.77528665,27.04062856,65.02645092,64.92380253,65.12901541,8.56533281,9.30091082,7.830356031
Papua New Guinea,8.86,44.515,8.355,3.13,5.2625,2.8225,1.14,0.9325,1.165,2.22,8.91,6.316666666666667,0.57,5.69,1.28,0.315,251.305,5088.860000000001,1161.35,1.0,18.8,43.2,9949437.0,PNG,16.1,34.58274071,34.36463238,34.78699597,62.31318918,62.54524267,62.09587449,3.10407011,3.090124955,3.117129542
Paraguay,3.962,21.058,4.298,0.992,1.804,1.636,0.8019999999999999,0.478,0.6719999999999999,0.8625,5.09,1.5325,0.49,0.885,1.044,0.18,18.45,318.97,193.53500000000005,1.0,50.8,67.3,6703799.0,PRY,31.3,29.02091038,28.48070867,29.556821,64.75064363,64.74607788,64.75517311,6.22844599,6.773213448,5.688005894
Peru,2.9647058823529413,17.084705882352942,4.6692857142857145,1.792142857142857,3.440714285714286,2.3657142857142857,0.728125,0.46875,0.67,1.545,6.1866666666666665,4.287857142857143,0.3716666666666666,1.5307142857142857,1.146,0.1684615384615384,30.221875,256.7107692307692,172.32538461538462,13.0,32.9,65.9,33715471.0,PER,208.2,26.33007372,25.62734934,27.04648846,65.34928334,65.50303,65.19254141,8.320642943,8.86962066,7.760970128
Philippines,2.976351351351352,17.27,2.841052631578948,1.323,2.0794444444444444,2.148591549295775,0.6527027027027028,0.3866216216216216,0.6877777777777778,1.0953623188405797,6.447428571428572,2.4852112676056337,0.2949019607843137,0.7116666666666666,1.295735294117647,0.1431884057971014,38.66881578947368,263.8384210526316,160.7961818181818,6.0,57.7,61.7,113880328.0,PHL,284.6,30.63678215,30.01397984,31.24068415,64.03705212,63.92322262,64.14742722,5.326165727,6.06279754,4.611888626
Poland,6.4803225806451605,28.52327868852459,5.5683870967741935,2.0984745762711863,2.0034426229508195,2.230967741935484,1.1568852459016394,1.0498275862068966,0.4387692307692307,0.7521538461538462,5.0618181818181816,3.995538461538461,0.8008,1.668,1.4269696969696968,0.0594339622641509,12.62578125,438.40875,367.7176595744681,17.0,70.2,75.5,37747124.0,POL,552.2,15.36929411,14.47491205,16.32446427,65.79444269,63.6343808,68.10131662,18.8362632,21.89070715,15.5742191
Portugal,8.616923076923076,35.785294117647055,6.787058823529412,1.8468627450980395,2.2292156862745096,1.3821153846153846,1.4265384615384613,1.0484,0.616,1.154489795918367,4.395882352941176,5.348039215686274,1.735,3.4838775510204085,2.121276595744681,0.1502325581395348,36.9546,645.9779069767442,513.9911627906977,17.0,69.4,80.1,10325147.0,PRT,228.2,13.34329695,12.3602901,14.44387364,64.09602994,62.78625926,65.56245215,22.56067311,24.85345064,19.99367421
Puerto Rico,12.848333333333334,57.7525,6.9075,2.3225,3.6233333333333335,2.811666666666667,1.1991666666666667,1.143333333333333,1.5416666666666667,2.091666666666667,11.748333333333331,9.929166666666667,1.7,4.333333333333333,0.9166666666666666,0.1577777777777777,60.38,563.333,393.5188888888889,,37.8,,3263584.0,PRI,93.52,13.65017648,12.63539755,14.78375927,63.99339379,63.38833294,64.66929131,22.35642973,23.9762695,20.54694942
Qatar,8.24,48.065,6.87,16.48,13.39,4.965,0.965,0.35,0.515,2.545,21.285,6.455,0.55,2.675,0.57,0.235,88.675,1449.815,966.18,1.0,86.2,49.6,2688235.0,QAT,212.0,15.76895249,28.25921078,11.07275035,82.835392,69.83910787,87.72185438,1.395655514,1.901681346,1.205395269
Reunion,8.17,52.69,10.54,4.21,3.16,2.77,3.03,2.24,0.84,1.9,6.32,11.85,0.8,2.74,1.88,,49.26,704.69,632.25,,,,,,,,,,,,,,,
Romania,6.676470588235294,28.069607843137256,4.9974509803921565,1.5198039215686276,1.9019607843137247,1.635686274509804,1.216078431372549,1.0315384615384615,0.5777358490566038,0.8113461538461538,4.997199999999999,4.616981132075472,0.5640909090909091,0.5750000000000001,1.713,0.0545098039215686,8.309807692307693,265.30333333333334,193.656,9.0,71.2,72.9,19119880.0,ROU,199.0,16.02678109,15.13920281,16.97501316,65.04957948,62.68993374,67.57047461,18.92363942,22.17086345,15.45451223
Russia,10.196859504132233,37.89289256198347,5.859310344827586,2.0323684210526314,2.80301724137931,2.225982905982906,1.093305785123967,0.5691735537190084,0.707109375,1.0852845528455286,8.042983870967742,2.7944166666666663,0.5101709401709401,1.7079831932773109,0.81104,0.035,8.973023255813953,395.3651960784314,269.8193137254902,30.0,60.4,55.2,143449286.0,RUS,2057.0,17.71960774,16.10308449,19.58361162,66.68697228,64.43689399,69.28152493,15.59341999,19.46002152,11.13486345
Rwanda,1.9566666666666668,31.286666666666665,6.256666666666667,0.7533333333333333,1.5666666666666664,2.54,0.6166666666666667,0.4633333333333334,0.6433333333333333,0.9433333333333334,9.076666666666666,1.64,0.33,2.66,1.1266666666666667,0.06,35.53,435.74,306.65,0.0,75.7,46.2,13461888.0,RWA,8.0,38.88916395,37.69592751,40.13631533,57.96709414,58.60341131,57.30202575,3.143741916,3.700661182,2.561658925
Saint Helena,14.76,49.2,11.69,4.18,2.46,2.56,1.05,0.94,2.15,4.06,13.53,9.68,0.62,1.92,1.69,1.23,99.63,615.0,522.75,,,,,,,,,,,,,,,
Saint Kitts And Nevis,12.95,92.51,12.48,2.22,2.85,3.7,1.86,0.95,1.84,2.51,14.8,5.55,1.11,,2.44,,53.65,610.53,370.02,1.0,,,,KNA,0.81,19.77356033,19.11432812,20.47794916,70.56914497,70.70939146,70.41929177,9.657294697,10.17628042,9.10275907
Saint Lucia,7.4,62.9,10.02,2.22,2.97,2.5,1.12,0.99,1.22,1.67,11.1,4.81,0.93,7.4,1.43,0.37,58.74,417.2,268.27,1.0,,,,LCA,1.35,18.29375207,17.80204274,18.79525523,72.62728115,72.01677847,73.24994378,9.078966777,10.18117879,7.954800989
Saint Vincent And The Grenadines,11.1,64.75,10.18,2.59,3.24,1.85,1.85,1.97,3.7,2.24,12.03,4.44,0.74,9.25,3.7,0.26,45.64,342.27,217.39,0.0,,,,VCT,0.75,22.09245486,22.18375291,22.00473604,67.11555419,66.70383193,67.51113533,10.79199095,11.11241516,10.48412862
Samoa,4.63,32.46,10.6,3.71,2.97,3.26,1.46,1.1,1.48,2.13,9.27,5.56,2.22,1.85,1.04,,110.84,1112.12,315.1,0.0,,67.0,218764.0,WSM,0.83,37.71918597,37.03544796,38.37634076,57.17119819,57.32766862,57.0208112,5.109615842,5.636883415,4.602848037
San Marino,15.81,55.156666666666666,6.849999999999999,4.386666666666667,3.986666666666667,1.3,1.9166666666666667,1.05,0.56,1.58,4.21,4.216666666666666,2.11,,1.3999999999999997,0.21,31.26,540.045,447.84,1.0,,78.4,33745.0,SMR,1.86,13.10100606,12.44661203,13.79152837,66.8548399,66.12605333,67.62386187,20.04415404,21.42733464,18.58460976
Sao Tome And Principe,15.81,42.15,7.38,0.58,1.26,1.05,1.48,1.05,0.63,0.95,6.32,2.11,,5.27,1.03,0.08,103.27,210.75,158.06,0.0,,52.9,223107.0,STP,0.36,40.03765001,39.78014705,40.29630162,56.20227917,56.09336148,56.31168271,3.760070818,4.126491476,3.392015669
Saudi Arabia,6.4366666666666665,36.91277777777778,6.99,1.475,1.5405555555555557,3.4466666666666668,0.7505555555555555,0.2572222222222222,0.62,1.7841176470588236,3.016,7.086666666666667,0.8516666666666667,2.701875,0.5583333333333333,0.155625,73.45117647058824,360.5472222222222,281.4270588235294,6.0,75.3,51.9,35950396.0,SAU,777.9,26.18048352,30.23386887,23.21667335,71.21951452,66.72157809,74.50837768,2.600001958,3.044553037,2.274948972
Senegal,4.006666666666667,39.36,6.025,1.6900000000000002,3.21,2.905,0.79,0.82,0.73,0.99,6.43,1.29,0.36,2.41,1.34,0.08,48.8,499.56,475.38,7.0,,56.3,16876720.0,SEN,15.88,41.76054056,40.57356096,42.98795,55.08195017,55.78112708,54.35895851,3.157509279,3.645311964,2.653091491
Serbia,4.911290322580645,20.930666666666664,4.520967741935484,1.6729032258064516,1.8543333333333327,1.219032258064516,1.1751515151515153,0.8233333333333334,0.4718181818181818,0.6838709677419355,4.035483870967743,3.269090909090909,0.8921739130434783,1.22,1.5357575757575757,0.1087096774193548,19.085625,196.673125,136.0259375,5.0,61.7,65.9,6834326.0,SRB,42.65,14.26859027,13.25011356,15.37517902,65.01127862,62.56799954,67.66593449,20.72013111,24.1818869,16.95888649
Seychelles,16.01,58.89,6.4,3.93,4.86,5.75,3.26,1.98,1.57,2.85,9.84,11.12,0.68,5.05,1.28,0.3,118.26,875.37,742.76,2.0,,56.8,99258.0,SYC,1.47,23.15524018,24.07659245,22.32798574,68.95572013,66.51214501,71.14973262,7.889039687,9.411262545,6.52228164
Sierra Leone,4.31,30.0,7.9,0.97,2.5,1.67,0.86,0.86,1.61,1.0,6.56,1.03,0.15,1.0,1.0,0.03,100.0,1438.66,101.9,0.0,,49.3,8420641.0,SLE,5.41,39.38982792,39.04564246,39.73262322,57.46979951,57.45152584,57.48799937,3.140372568,3.502831703,2.779377414
Singapore,11.09,66.55,5.92,7.39,8.87,4.55,1.49,1.06,1.52,4.53,22.18,11.09,1.48,2.96,2.35,0.18,35.02,2734.54,2015.75,1.0,72.4,54.9,5453566.0,SGP,307.9,11.99312816,12.18669768,11.8166221,73.88088372,72.54845045,75.09586096,14.12598811,15.26485187,13.08751694
Sint Maarten,14.0,100.0,8.0,2.555,3.055,3.995,2.0,2.29,1.56,2.05,7.0,17.0,1.68,12.635,1.22,0.25,75.74,1011.82,741.125,,,,,SXM,304.1,11.70814223,7.684416219,15.20235873,78.63289587,80.52271617,76.9917699,9.6589619,11.79286761,7.805871373
Slovakia,5.867941176470588,29.67483870967742,6.3146875,1.5466666666666666,1.849375,1.948125,1.3972727272727272,1.0833333333333333,0.6114705882352941,0.8117647058823529,4.363333333333333,4.473636363636364,0.8463333333333334,2.4481818181818182,1.563235294117647,0.0661290322580645,16.783939393939395,454.78925925925927,376.5614814814815,8.0,69.8,74.6,5447247.0,SVK,99.75,15.88106701,15.12725196,16.67111548,66.8904891,64.6718288,69.21579316,17.2284439,20.20091924,14.11309136
Slovenia,8.81074074074074,36.31444444444445,6.196538461538462,2.6403703703703707,2.795,1.5751851851851852,2.115925925925925,1.5316,0.6719230769230768,1.1404,6.119615384615385,4.507307692307692,1.4726315789473683,1.427391304347826,1.4503703703703703,0.0920833333333333,34.8256,433.8516666666667,344.4211111111111,5.0,77.3,78.8,2108079.0,SVN,49.93,15.18842866,14.84604505,15.52729722,64.3106252,61.76988666,66.82527947,20.50094614,23.38406829,17.6474233
Solomon Islands,5.47,54.67,15.19,4.56,3.04,4.05,2.43,1.21,1.62,2.39,12.76,3.89,0.36,,1.22,0.12,485991.77,587.24,668.24,1.0,,58.4,707851.0,SLB,1.16,39.33730404,38.70496219,39.9425188,57.20532994,57.70197953,56.7299863,3.457366028,3.593058274,3.327494895
Somalia,3.0,18.666666666666668,5.5,7.666666666666667,15.0,1.1866666666666668,0.62,0.4766666666666667,0.66,0.5,27.166666666666668,1.7333333333333334,1.46,1.6666666666666667,0.9266666666666667,0.0566666666666666,32.75,203.335,83.31,0.0,42.0,33.6,17065581.0,SOM,2.37,47.25224415,46.69281095,47.80869083,50.15116391,50.43739663,49.86645924,2.596591936,2.869792414,2.324849931
South Africa,7.782424242424242,30.1469696969697,4.07060606060606,1.6525,2.064375,1.68125,0.902121212121212,0.7003225806451613,0.8912121212121212,1.2045454545454546,4.433235294117647,2.623333333333333,1.4157142857142857,1.3255172413793104,1.247272727272727,0.098,51.17878787878788,345.65076923076924,334.5252,10.0,23.9,61.3,59392255.0,ZAF,341.2,28.67296249,27.42336036,29.99189105,65.35490697,64.88176227,65.85430116,5.972130541,7.694877374,4.153807794
South Korea,5.98896551724138,30.09275862068965,5.079655172413793,2.913793103448276,4.01448275862069,3.386206896551724,1.3493103448275865,0.6942857142857143,1.0241379310344827,2.0507142857142857,13.5225,3.474615384615385,1.0382608695652171,2.7127586206896552,1.3285714285714287,0.2043478260869565,21.323214285714283,392.462,332.3361904761905,15.0,73.5,72.3,51744876.0,PRK,1410.0,18.94828755,18.26048011,19.65125694,69.69440521,68.32313663,71.09590187,11.35730724,13.41638326,9.252841193
South Sudan,7.5,30.0,6.0,3.0,3.5,1.5,1.0,1.0,0.92,1.0,10.0,,1.5,6.0,1.38,0.03,100.0,2350.0,1700.0,0.0,,,10748272.0,SSD,11.89,44.71371097,43.69687425,45.75101664,52.43946411,53.02381972,51.84334541,2.84682492,3.279306032,2.405637952
Spain,11.533139534883722,43.60361445783133,7.940235294117646,2.4827906976744187,2.9324418604651163,1.7389534883720932,1.8594186046511627,1.2434883720930232,0.6558823529411765,0.95,4.948823529411764,5.391686746987952,1.6037179487179487,3.8520779220779215,1.6825925925925924,0.1866666666666666,37.64709302325581,652.215945945946,530.6736764705882,49.0,66.1,81.5,47415750.0,ESP,1400.0,14.10691172,13.41027877,14.83178781,65.99020657,64.5513786,67.48736798,19.90288171,22.03834263,17.68084421
Sri Lanka,1.448,6.87875,3.685,0.9846666666666668,1.1566666666666667,0.936153846153846,0.34625,0.16125,0.318125,1.0257142857142856,7.67,4.328571428571428,0.205,0.2471428571428571,0.70375,0.00875,8.093571428571428,91.49666666666668,43.232,8.0,58.8,59.4,22156000.0,LKA,71.57,23.21465687,22.01979165,24.49987696,65.62869566,65.18298161,66.10811429,11.15664748,12.79722674,9.392008756
Sudan,5.0,20.0,8.0,2.0,3.4,2.32,0.52,0.29,0.59,1.0,15.0,1.5,0.45,2.0,1.13,0.07,76.5,293.95666666666665,149.60333333333332,3.0,55.4,37.0,45657202.0,SDN,70.03,41.08585477,40.50199885,41.67042119,55.49010269,55.8430963,55.13667953,3.424042536,3.654904847,3.192899286
Suriname,4.86,80.0,6.150000000000001,2.7000000000000006,2.7000000000000006,2.25,0.92,0.7399999999999999,0.97,1.8500000000000003,10.0,5.25,0.44,1.8,0.84,0.05,37.5,394.71,249.44,2.0,,65.5,612985.0,SUR,5.27,26.48166471,25.93892993,27.02832799,66.25216461,65.50118255,67.00858255,7.266170678,8.559887515,5.963089457
Swaziland,3.115,11.585,2.34,0.975,1.12,1.175,0.77,0.585,0.63,0.83,4.51,2.09,1.14,2.87,1.105,0.13,54.355,278.48,185.84,0.0,,40.4,1192271.0,SWZ,3.84,35.02907477,34.62757759,35.43641296,60.97741201,60.50049922,61.46126298,3.99351322,4.871923196,3.102324061
Sweden,10.613666666666663,65.37851851851852,7.983793103448276,6.321724137931034,6.103571428571429,3.7126666666666654,1.7383333333333333,1.6210344827586207,1.405925925925926,1.727241379310345,8.878275862068964,6.326071428571429,2.872,5.543448275862069,1.9610714285714284,0.1132,29.216896551724137,733.0815384615385,598.1303703703704,15.0,51.0,87.2,10415811.0,SWE,559.1,17.71402806,17.32448976,18.09780875,62.18168705,61.0737859,63.27321274,20.10428488,21.60172433,18.62897851
Switzerland,25.53052631578948,110.68315789473684,15.636486486486488,6.592368421052631,5.906486486486486,4.944102564102564,4.263333333333334,3.771315789473684,1.1558823529411764,2.082702702702703,13.555128205128204,9.231428571428571,3.968571428571429,7.361470588235295,1.963170731707317,0.2991891891891892,57.61928571428572,1489.5303333333331,1260.1210714285714,13.0,78.3,72.1,8703405.0,CHE,679.0,15.06570887,14.5449474,15.59412697,65.96897752,64.71839443,67.23794761,18.96531361,20.73665817,17.16792542
Syria,4.055833333333333,17.743076923076924,4.425555555555556,1.893076923076923,2.003846153846154,0.8,0.8138461538461539,0.443076923076923,0.4916666666666667,0.774,5.1883333333333335,1.8725,0.11,0.7816666666666667,1.0191666666666668,0.0141666666666666,47.98500000000001,137.846,84.664,6.0,32.5,42.6,21324367.0,SYR,64.7,33.02347263,32.27912334,33.76518033,62.35338428,62.46023705,62.24691071,4.623143093,5.260639615,3.987908965
Taiwan,3.4546153846153844,23.76076923076923,4.5515384615384615,2.1538461538461537,2.169230769230769,2.5961538461538463,0.8915384615384615,0.6384615384615385,1.200909090909091,1.6254545454545453,12.07818181818182,3.950909090909091,0.72,2.968461538461539,0.9754545454545456,0.1763636363636363,21.96666666666667,412.0233333333333,265.722,,84.1,75.2,,TWN,529.5,,,,,,,,,
Tajikistan,3.97,11.0,4.96,1.19,1.49,1.2,0.41,0.28,0.43,1.27,5.96,1.74,0.3,0.99,0.94,0.02,22.17,386.48,217.115,2.0,,54.1,9750064.0,TJK,9.16,36.41269944,35.70044805,37.11591774,60.2640916,60.77430866,59.76034535,3.323208955,3.525243289,3.123736915
Tanzania,3.8216666666666654,26.611666666666665,6.565,1.143333333333333,2.5933333333333333,2.105,0.636,0.4033333333333333,0.4628571428571428,1.0342857142857145,5.716666666666666,1.711666666666667,0.3,1.606666666666667,1.0433333333333332,0.0516666666666666,69.51166666666667,275.28000000000003,239.878,7.0,43.7,44.3,63588334.0,TZA,36.62,43.60735493,42.66913494,44.56806249,53.27495842,53.93646386,52.5975978,3.11768665,3.394401203,2.834339708
Thailand,1.826111111111111,23.11448275862069,5.566944444444444,1.8825,3.3581818181818184,1.7006451612903226,0.553611111111111,0.3176666666666666,0.5016666666666666,1.6605555555555556,13.546111111111111,3.426285714285714,0.6259999999999999,1.1883783783783783,1.196,0.0537837837837837,17.62810810810811,226.18833333333336,179.04903225806453,6.0,60.7,55.9,71601103.0,THA,373.8,15.80037671,14.91415371,16.73787409,69.68804657,69.18557424,70.21959053,14.51157673,15.90027205,13.04253538
Timor-Leste,5.0,40.0,7.0,2.75,3.0,2.88,1.25,0.88,0.53,1.94,13.5,1.62,0.25,3.0,0.98,0.11,82.5,680.0,625.0,0.0,,57.5,1320942.0,TLS,4.51,35.29409315,34.82648702,35.7434733,59.42054988,59.41466934,59.42620122,5.285356965,5.758843643,4.830325483
Togo,2.01,20.18,8.03,0.8,2.41,3.75,2.41,1.29,0.87,1.2,4.02,1.61,0.8,0.56,0.93,0.16,59.33,259.04,98.39,1.0,,45.3,8644829.0,TGO,4.84,40.24841903,40.08681372,40.4083237,56.65567821,56.61546985,56.69546344,3.095902765,3.297716436,2.896212855
Tonga,40.0,49.895,9.32,10.64,3.0,2.25,1.815,1.815,,,12.77,7.83,,,,,,,400.0,0.0,,67.9,106017.0,TON,0.49,34.61991945,33.08944986,36.18360206,59.178245,60.11292054,58.22328588,6.201835555,6.797629602,5.593112062
Trinidad And Tobago,8.975,68.20875,6.2875,1.5175,2.78125,2.97875,0.96125,0.755,1.13875,1.88125,19.12625,4.885,1.308,0.8925000000000001,0.8412499999999999,0.195,49.18375,394.8083333333333,345.0683333333333,0.0,28.6,64.5,1525663.0,TTO,29.63,19.29938001,18.70234909,19.91233937,69.60000341,68.73013501,70.49307941,11.10061658,12.5675159,9.594581221
Tunisia,1.760952380952381,13.32684210526316,2.873333333333333,1.061,1.292,0.5833333333333334,0.4404761904761904,0.1966666666666666,0.2295454545454545,0.8336842105263158,3.940526315789474,2.4119047619047618,0.224,0.1759090909090909,0.654,0.066,20.19954545454545,126.89105263157894,96.65315789473684,8.0,55.7,66.8,12262946.0,TUN,49.12,24.91874302,23.91546982,25.94667251,66.28362385,66.62923993,65.92951397,8.79763313,9.455290259,8.12381352
Turkey,2.7801666666666667,13.506101694915255,3.2246666666666663,1.7943333333333331,2.139,1.3696666666666668,0.5389830508474577,0.1888333333333333,0.2498333333333333,1.4611475409836066,5.508620689655173,1.5703278688524591,0.3516071428571429,0.6400000000000001,1.214262295081967,0.0894736842105263,7.973442622950819,168.81465517241378,111.74137931034484,19.0,60.3,55.6,84775404.0,TUR,813.3,23.4805146,22.93183604,24.02655558,68.14074262,67.25243933,69.02477568,8.37874278,9.815724625,6.94866874
Turkmenistan,37.142,131.43,8.096666666666666,6.287999999999999,14.29,5.856,5.2475,0.6975,1.066,3.4266666666666663,12.383333333333333,38.568,0.19,1.6166666666666665,0.43,0.03,369.05,539.285,303.57,3.0,,36.7,6341855.0,TKM,43.5,31.21669448,30.11275652,32.34115159,63.86904936,64.06654989,63.66787784,4.91425616,5.820693595,3.990970578
Turks And Caicos Islands,,,15.0,,,,2.0,1.0,1.67,,,,,,,,88.0,750.0,650.0,,,,45114.0,TCA,,16.74535621,17.42908197,16.07197853,73.10590947,71.34688407,74.83831229,10.14873432,11.22403395,9.089709182
Tuvalu,3.56,10.54,,4.0,3.58,1.04,1.79,1.35,,,,,,,,,,115.07,93.26,,,68.9,11204.0,TUV,0.04,31.63297184,31.10947967,32.12858384,62.14575802,61.64999541,62.61511729,6.221270139,7.240524915,5.256298871
Uganda,2.3310000000000004,16.40875,7.181,0.942,1.509,1.777,0.37,0.204,0.579,1.0710000000000002,9.045,2.2333333333333334,0.6266666666666667,0.7444444444444445,1.146,0.097,73.204,180.28333333333333,98.23333333333332,3.0,43.8,46.3,45853778.0,UGA,26.09,45.19163394,44.43579791,45.96253638,53.13119456,53.58881776,52.66444934,1.677171508,1.975384332,1.373014274
Ukraine,4.89547619047619,15.186666666666667,3.28675,0.9719512195121952,1.2739024390243905,0.9838095238095238,0.5469047619047619,0.3914285714285714,0.4360975609756097,0.7511904761904762,3.670238095238096,1.9159523809523809,0.2619444444444444,1.1752272727272728,0.9444186046511628,0.0269444444444444,4.446,220.9582857142857,147.28333333333333,8.0,53.1,65.0,43792855.0,UKR,134.9,15.22338393,13.73720551,16.94832348,67.37805854,64.6498923,70.54451676,17.39855753,21.61290219,12.50715976
United Arab Emirates,7.678,45.134,7.298,9.244,9.914,4.786,1.03,0.6439999999999999,0.6060000000000001,3.498,12.39,6.074,1.996,3.678,1.002,0.176,97.472,2228.554,1560.868,1.0,84.9,55.9,9365145.0,ARE,416.4,15.14303383,23.9827977,11.27008339,83.0985523,73.31698858,87.38413188,1.758413872,2.700213714,1.345784737
United Kingdom,16.985548387096774,64.38071428571428,7.278571428571429,4.813379310344828,4.811948051948051,3.490322580645161,1.814640522875817,1.3240522875816991,1.2013071895424838,2.1241059602649006,8.643947368421053,14.24235294117647,3.5634246575342465,3.513701298701299,1.9199328859060405,0.1494827586206896,37.986315789473686,1028.79496,777.433724137931,33.0,53.5,82.1,67326569.0,GBR,2848.0,17.66120974,17.0061254,18.33213718,63.42269132,62.73383724,64.12820522,18.91609894,20.26003736,17.5396576
United States,17.13636877828054,62.04825294748124,8.432624390243904,5.08741794310722,6.038501498501499,4.427453109575518,2.185919540229885,1.625703125,1.8501876955161627,2.547750325097529,12.544862665310276,8.43628779979145,2.306370106761566,3.6390789473684206,1.2155303933253874,0.1597844112769486,69.91167158308751,1445.0843169398906,1228.3295827123695,24.0,51.8,77.4,331893745.0,USA,17420.0,18.2430347,17.65388995,18.84317011,65.07806981,64.2455178,65.9261533,16.67889549,18.10059226,15.23067658
Uruguay,13.956363636363635,47.256,9.454545454545457,3.25,4.142222222222222,3.5460000000000003,2.205,1.4772727272727273,1.389,2.005,6.286,4.35,1.2433333333333332,1.4200000000000002,1.8772727272727272,0.1728571428571428,37.589,429.39,327.8883333333333,3.0,48.6,76.8,3426260.0,URY,55.6,19.43669182,18.37892694,20.56283506,65.10478847,63.30217097,67.02393474,15.45851971,18.31890209,12.4132302
Uzbekistan,3.34,22.087777777777777,2.984,1.1977777777777776,1.955,1.3255555555555556,0.471,0.354,0.29125,0.8966666666666666,2.44,1.96,0.1914285714285714,0.4488888888888889,0.7714285714285715,0.0183333333333333,15.844285714285714,222.90714285714284,164.67142857142858,5.0,66.2,57.5,34915100.0,UZB,63.08,30.07097351,29.03556995,31.10502068,64.94720926,65.11124439,64.78338901,4.981817234,5.853185657,4.111590305
Vanuatu,12.71,55.06,10.17,3.81,4.66,3.34,2.14,0.86,1.33,3.5,14.82,8.73,1.27,1.39,1.44,,141.9,995.46,1122.46,1.0,,57.6,319137.0,VUT,0.82,39.61565036,38.58936333,40.6299453,56.6611779,57.87821384,55.45836293,3.723171746,3.532422832,3.911691775
Vatican City,1.05,,,1.05,1.05,1.05,1.05,1.05,1.05,1.51,,,1.05,1.05,2.02,,,895.68,105.37,,,,,,,,,,,,,,,
Venezuela,8.618823529411765,32.763333333333335,9.021764705882353,1.4423529411764706,2.2058823529411766,1.9288235294117648,1.11,0.7994117647058824,1.2357142857142858,1.1325,7.720714285714286,3.5346666666666664,0.5633333333333334,4.04,0.5011111111111111,0.065,45.23176470588236,193.94,181.82333333333327,3.0,16.4,49.6,28199867.0,VEN,209.2,28.17072733,27.15055769,29.21181995,63.49113568,63.32793199,63.65768656,8.338136991,9.521510325,7.130493492
Vietnam,2.1158823529411763,18.66235294117647,4.231428571428571,0.790625,1.5423529411764705,1.6894117647058824,0.4788235294117647,0.2811764705882353,0.6405263157894737,0.7529411764705882,7.588888888888889,1.13,0.31875,0.4673684210526316,0.9636842105263156,0.078,9.987368421052633,324.83,201.6472727272727,8.0,54.2,57.4,97468029.0,VNM,187.8,22.54515028,21.13031862,23.995125,68.70171587,68.4568684,68.95264511,8.753133855,10.41281298,7.052229896
Yemen,6.15,32.61666666666667,11.158333333333331,2.265,2.2825,2.54,1.61,0.66,1.0719999999999998,0.7,15.315,3.836,0.6,2.0,2.334,0.056,60.766,162.29500000000002,93.74,5.0,,34.3,32981641.0,YEM,45.45,39.87210734,39.3442535,40.38871203,57.43885428,57.55413734,57.32602803,2.689038385,3.101609159,2.285259945
Zambia,2.988,18.37,3.17,1.152,1.494,1.7420000000000002,0.8220000000000001,0.458,0.89,0.946,4.744000000000001,2.482,1.45,3.0,1.36,0.07,103.74,262.01,168.4,1.0,53.7,48.5,19473125.0,ZMB,25.61,43.26236287,42.71193551,43.82740396,54.99870719,55.17433839,54.81841302,1.738929935,2.113726099,1.354183014
Zimbabwe,6.84375,36.25,6.1875,1.31875,1.9714285714285715,2.285,0.665,0.47,0.98125,1.175,8.4375,2.0,0.6666666666666666,4.375,1.4375,0.19,102.8125,196.58666666666667,209.665,5.0,40.3,44.7,15993524.0,ZWE,13.74,40.89330469,38.75941461,43.2835162,55.74335275,57.42440369,53.8603751,3.363342563,3.816181703,2.856108691
